time,open,high,low,close,Volume,Volume MA
1602720000,11427.7,11641.38,11263.15,11509.34,8538.52875,7596.36340300003
1602806400,11509.31,11550.01,11201,11328.95,9505.28051,7882.456844500031
1602892800,11328.27,11421,11264.75,11367.89,3586.15988,7867.762277000031
1602979200,11367.9,11523,11350.37,11514.2,4352.10945,7641.56394850003
1603065600,11514.2,11833,11416.04,11760.45,10313.24891,7747.18654650003
1603152000,11760.45,12050,11685,11923.83,13834.74195,8122.9964580000305
1603238400,11923.07,13250.04,11900.01,12808,32404.64761,9100.79221350003
1603324800,12808.01,13200,12698.02,12987.02,20337.75909,9604.50530900003
1603411200,12988.2,13037,12722.72,12937.09,10450.8866,9966.46368950003
1603497600,12938,13175,12884.31,13126.24,7915.36098,10183.76821900003
1603584000,13126.34,13361,12890.76,13045,9276.1916,10343.50774950003
1603670400,13045.02,13250,12785,13068.79,12275.37275,10577.45748550003
1603756800,13068.79,13793.72,13061.28,13698.18,17267.45357,11135.42731450003
1603843200,13740.85,13863.87,12891.57,13281.05,21073.39106,11624.033599500031
1603929600,13281.06,13650,12976.29,13460,15796.09108,11908.917481500031
1604016000,13460,13687.82,13131.31,13571.51,15664.30474,12226.494032000031
1604102400,13571.51,14098.92,13424.73,13804.81,12166.31884,12576.63601950003
1604188800,13803.69,13906.74,13630.05,13771.59,6252.02047,12336.39053200003
1604275200,13771.7,13840,13215,13563.22,12191.84519,12514.021436000028
1604361600,13563.22,14081.45,13290,14035.8,13965.8026,12858.375781500028
1604448000,14034.35,14273.6,13530.01,14161.48,16894.79231,13276.188959500028
1604534400,14165.86,15775,14115,15608.21,31865.98894,14394.224381000027
1604620800,15608.06,15977.67,15190.36,15599.95,25150.40685,15472.43672950003
1604707200,15599.95,15779.24,14310,14834.09,23552.08341,16432.43542750003
1604793600,14834.09,15666,14721.9,15482.9,11856.3429,16509.59012700003
1604880000,15482.89,15856.9,14817.14,15342.25,21951.29082,16915.41757050003
1604966400,15342.1,15481.06,15090.08,15315.03,13489.68955,15969.669667500031
1605052800,15315.46,16000,15293.04,15705.79,15257.36927,15715.650176500032
1605139200,15705.79,16370.89,15446.82,16310.81,22153.75296,16300.79349450003
1605225600,16310.81,16491.92,15975,16339.56,14593.52964,16634.70192750003
1605312000,16339.56,16339.6,15708.24,16082.01,9205.93087,16631.18889100003
1605398400,16082.01,16175.6,15796.09,15966.89,6250.09413,16329.92496000003
1605484800,15970,16892,15879,16726.64,13948.31953,16163.968258000028
1605571200,16726.49,17880,16575.42,17679.36,25230.2384,16371.810625000027
1605657600,17679.86,18488,17205.02,17782.91,32426.0008,17203.306111000027
1605744000,17790.18,18193.29,17356,17821.58,17141.50682,17277.166215000027
1605830400,17821.92,18830.3,17764.76,18675.25,17901.94596,17563.947571000026
1605916800,18677.84,18980,18350,18721.21,13604.28575,17931.560835000026
1606003200,18721.21,18773.56,17610.77,18437.66,15423.8527,18093.161210500024
1606089600,18437.18,18777.77,18001,18384.82,17655.67801,18277.65498100002
1606176000,18384.82,19469,18052.02,19172.84,26623.09576,18764.070153500023
1606262400,19172.9,19500,18502,18721.93,20485.40806,18195.041109500024
1606348800,18717.24,18915.48,16200,17170,48644.15921,19369.72872750002
1606435200,17169.99,17475,16400,17153.95,23333.9986,19358.82448700002
1606521600,17155.43,17933.25,16880,17739.85,13157.96639,19423.905661500023
1606608000,17736.1,18359,17535.26,18202.04,8932.2646,18772.954350500022
1606694400,18202.02,19873.23,18201.47,19713.94,27293.49339,19463.14454250002
1606780800,19713.94,19915.14,18109,18782.97,30442.8798,20222.42006900002
1606867200,18778.18,19340,18335,19225.63,16227.15081,19926.08996150002
1606953600,19222.45,19625.64,18885,19448.64,14648.25116,19928.826037500017
1607040000,19446.43,19546.46,18576.05,18658.1,16382.89189,20287.67408850002
1607126400,18658.09,19189.98,18501,19158.96,7082.23686,20329.28122500002
1607212800,19158.96,19430.25,18878,19375.6,6665.29626,19965.130061500022
1607299200,19375.6,19432.57,18901,19177.71,8977.46619,19152.491451000024
1607385600,19177.08,19299.51,18200,18316.22,15161.87705,18289.285263500024
1607472000,18316.22,18647.33,17639,18546.55,20667.38074,18465.578959500024
1607558400,18546.55,18556.42,17905,18253.44,14899.21719,18315.442521000026
1607644800,18257.18,18293.08,17580,18042.15,16953.64811,18482.910639000027
1607731200,18044.19,18955.34,18023.57,18821.28,8616.18695,18142.527351500026
1607817600,18821.28,19421.03,18730,19166.65,10624.21489,17790.954195500028
1607904000,19166.65,19349.98,18967.68,19272.37,9102.38393,16914.918604000028
1607990400,19272.37,19565,19051.27,19444.6,15345.22643,16657.909522500027
1608076800,19443.19,21569.94,19300,21359.65,33350.24947,15893.214035500027
1608163200,21360.5,23776.94,21252.01,22826.48,53602.36394,17406.632302500027
1608249600,22826.37,23280,22329,23137.76,24829.25011,17990.196488500027
1608336000,23138.89,24200,22770,23849.99,20577.67893,18572.46720500003
1608422400,23850,24300,23100,23476.51,14963.43216,17955.96414350003
1608508800,23476.51,24118.75,21913.84,22729.4,25728.65296,17720.252801500028
1608595200,22729.4,23839.78,22380.05,23823.27,18597.66575,17838.778548500028
1608681600,23824.13,24090,22600,23228.35,23412.13625,18276.972803000026
1608768000,23226.18,23785,22712.89,23717.96,16440.76741,18279.866579000023
1608854400,23718.61,24770.95,23416,24704.71,15792.4903,18715.379251000024
1608940800,24704.71,26822,24490.01,26475.35,24782.45453,19621.237164500024
1609027200,26482.64,28387,25772.55,26258.65,33627.02181,20853.714945500025
1609113600,26255.16,27477,26086.19,27040.36,21265.72381,21158.907283500022
1609200000,27039.39,27396.77,25833.73,27366.35,20668.11887,21158.944190000024
1609286400,27366.35,29018.26,27311.73,28897.42,28181.51126,21823.058893500023
1609372800,28897.42,29321.9,28000,28990.08,28813.90137,22416.07155650002
1609459200,28990.08,29688.88,28700,29412.84,22211.26707,23095.825562500024
1609545600,29413.29,33300,29039,32225.91,46675.26097,24898.37786650002
1609632000,32222.88,34810,32008.62,33080.66,36951.73089,26290.845214500023
1609718400,33082.84,33666.99,27678,32019.99,46045.40397,27825.854091500027
1609804800,32020.22,34499.67,29891.13,34030.64,42282.58352,28272.47079400003
1609891200,34043.91,37000,33352.54,36859.26,45744.11759,27879.558476500028
1609977600,36859.26,40425,36200,39505.56,50346.31998,29155.411970000026
1610064000,39510.55,41986.37,36565.08,40665.15,48522.49917,30552.65298200002
1610150400,40642.15,41406.94,38800,40257.43,27152.98556,31162.13065200002
1610236800,40257.43,41452.12,34444,38171.57,43736.58493,32062.527250500025
1610323200,38168.89,38273.88,30100,35452.59,102503.17099,36257.80251250002
1610409600,35456.89,36604.51,32500,34038.98,48227.64205,37498.577802500025
1610496000,34035.53,37888,32309.04,37393.66,39608.7518,38656.97702200002
1610582400,37393.67,40127.66,36751.11,39125.14,31868.77514,39460.79126400003
1610668800,39123.05,39697,34298.93,36754.67,36421.07363,40042.72221900003
1610755200,36754.6,37948,35372.59,36006.94,20861.43958,39404.44310750003
1610841600,36004.8,36860,33850.03,35820,19182.0639,39300.26011200003
1610928000,35820.01,37402,34736.46,36624.23,16609.65536,39097.336936500025
1611014400,36624.23,37857,35895.11,35917.28,18904.79354,38633.501050500025
1611100800,35921.91,36415.34,33387.01,35503.09,25445.72251,38465.09210750002
1611187200,35498.85,35628.24,30011,30855.95,50473.12825,39878.18516650003
1611273600,30855.9,33867,28732,32984.93,48155.7361,39952.20892300002
1611360000,32982.66,33488.79,31432.19,32112.01,16139.8291,38911.61383350002
1611446400,32110,33086.53,30931.21,32288.56,13618.81534,37290.28440200002
1611532800,32293.18,34888,31920.8,32261.87,23045.67722,36328.43908700002
1611619200,32260.52,32960.37,30830,32510.82,23535.85317,35218.02586600002
1611705600,32510.82,32584.62,29156,30407.13,46207.09968,35011.06485100002
1611792000,30414.11,34000,29902.14,33488.99,36007.07716,34385.293750500015
1611878400,33487.92,38570.13,31990,34262.11,72641.09119,36659.69903200002
1611964800,34262.11,34900,32852.86,34315.63,21362.16611,35540.97809100002
1612051200,34315.63,34387.75,32200,33137.74,16436.41201,31237.64014200002
1612137600,33137.75,34728.57,32333,33533.19,21975.42815,29925.02944700002
1612224000,33534.39,36000,33450,35512.67,19995.85343,28944.38452850002
1612310400,35513,37723.72,35393.8,37678.37,23781.98375,28540.04495900002
1612396800,37688.42,38769,36156.45,36975,31699.37745,28303.96015000002
1612483200,36976.59,38349,36605.87,38311.49,17842.71613,28153.02397750002
1612569600,38327.09,41000,38250,39265.43,27102.82027,28549.061796000024
1612656000,39266.1,39737.83,37371.35,38871.42,20297.88686,28733.473371000022
1612742400,38871.43,46750,38057.01,46448.1,47934.02472,30184.934930000025
1612828800,46453.66,48200,45020,46514.73,36418.8081,30733.589209500024
1612915200,46514.73,47349.99,43706.86,44850,25818.02588,29500.834091000026
1613001600,44850,48690,44011,47997.91,26222.6191,28404.178241000027
1613088000,47993.6,48912,46300,47408.34,23503.17025,28772.345298500026
1613174400,47408.34,48199,46300,47232.45,12020.8918,28692.449121500027
1613260800,47240.75,49700,47100.13,48680.69,15146.56693,28297.49360700003
1613347200,48667.23,49093.44,45768.46,47936.37,19432.16695,28092.30929600003
1613433600,47935.66,50645,47051.22,49158.71,23053.21991,26934.615307500026
1613520000,49141.43,52640.35,48942.87,52170.01,25675.18586,26418.020742500026
1613606400,52170.01,52549.99,50875,51601.73,15689.417,23570.437033000027
1613692800,51596,56370.05,50725,55983.56,27961.49621,23900.403538000028
1613779200,55983.57,57563.57,54000.1,55923.52,22137.83623,24185.474749000026
1613865600,55921.44,58367,55531.23,57489.16,13530.44874,23763.22577850003
1613952000,57489.16,57577.69,46616,54142.13,49449.18004,25235.89210900003
1614038400,54125.67,54206.22,44888.08,48899.99,72300.59998,27661.822920500028
1614124800,48899.99,51415.41,47002,49737.82,30732.16378,27613.46223700002
1614211200,49737.81,52107.83,46700,47058.48,28011.21856,28121.887358500022
1614297600,47063.9,48464.64,44150,46326.2,36048.6327,28569.17798000002
1614384000,46319.79,48356.86,45055,46180.75,16290.29538,28368.798406000024
1614470400,46169.92,46656,43016,45231.75,22745.62046,27109.378193000022
1614556800,45231.74,49829,45042.13,49639.4,25068.26494,26541.85103500002
1614643200,49635.3,50250,47075.11,48511.6,17063.57728,26104.128605000027
1614729600,48502.18,52666,48161.75,50360,21301.49165,25858.072232500024
1614816000,50370.33,51798.33,47502,48368.52,23386.99392,25852.263416000023
1614902400,48370.97,49473.99,46219.32,48769.47,25468.19469,26524.628560500023
1614988800,48766.01,49210,47077,48909.84,11877.85194,26361.192811000023
1615075200,48909.84,51459,48909.83,50978.61,13965.16917,26087.84292200002
1615161600,50976.22,52425,49328.62,52415.23,18856.30114,25877.996983500023
1615248000,52413.17,54936,51845.01,54916.38,21177.16391,25653.09588600002
1615334400,54921.61,57402.14,53025,55890.69,28326.09202,26284.929637000023
1615420800,55888.7,58113,54283,57815.47,24369.22649,26105.316151000025
1615507200,57820.15,58065.92,55050,57225.91,21760.55241,26086.451960000024
1615593600,57220.84,61788.45,56083.74,61178.5,22301.30032,26524.994539000025
1615680000,61181.38,61680,58950,58972.7,13581.98192,24731.634633000023
1615766400,58972.71,60601.07,54568,55636.15,31651.40627,22699.17494750002
1615852800,55629.08,56970,53221,56927.11,24432.39319,22384.18641800002
1615939200,56924.26,58996.38,54138.01,58925.54,22687.5887,22118.004925000023
1616025600,58925.54,60100,56996.15,57644.95,21459.50731,21388.54865550002
1616112000,57644.95,59461.99,56260,58039.66,16429.64439,21395.516106000017
1616198400,58026.91,59928,57827.97,58116.7,9725.29563,20744.49986450002
1616284800,58126.34,58651.22,55543.89,57363.32,11841.653,20083.169267500016
1616371200,57377.29,58421.68,53739.5,54110.07,19512.17092,20205.598949500018
1616457600,54111.49,55858,53000,54345.54,19221.77105,20101.612919500018
1616544000,54333.27,57209.97,51673.82,52276.16,23775.22786,20121.024616500017
1616630400,52259.69,53238,50305,51325.01,29642.05864,20329.717814000018
1616716800,51320.76,55125.13,51250,55072.44,17843.02183,20627.976308500016
1616803200,55080.9,56640,53966,55856.53,11333.34784,20496.385242000015
1616889600,55856.54,56587.08,54701,55778.82,9235.81746,20015.361058000017
1616976000,55781.22,58400,54900,57613.48,17552.38318,19834.122021500014
1617062400,57613.76,59397.48,57000,58786.46,15105.09114,19173.071977500014
1617148800,58786.46,59800,56873.8,58800,17376.64123,18823.442714500015
1617235200,58800.01,59474.94,57930,58726.48,11096.34436,18290.232312000015
1617321600,58726.47,60055.02,58441.88,58981.04,10966.94443,17723.514517500014
1617408000,58981.04,59752,56943,57094.34,8405.27851,17464.679347000016
1617494400,57094.34,58500,56478.53,58215.94,6301.44631,16197.181349000017
1617580800,58216.73,59251.76,56817.64,59123.02,9204.87745,15435.805562000018
1617667200,59134.07,59475,57333.33,58019.98,10354.34449,14819.143351500015
1617753600,58021.67,58630,55400,55955.75,17787.3087,14635.533421000015
1617840000,55962.67,58152,55700,58083.1,8073.61182,14217.731792500015
1617926400,58083.1,58869.69,57670.51,58092.68,8094.76087,14136.205054500015
1618012800,58092.68,61218.97,57875.41,59778.6,12817.82546,14185.013677500017
1618099200,59778.59,60658.89,59177.06,59985.26,7278.97953,13573.354108000018
1618185600,59983.66,61199,59369,59839.82,11467.742,13185.652655500016
1618272000,59836.88,63774.39,59799.01,63588.22,17897.78025,12891.780275000017
1618358400,63588.22,64899,61277.91,62971.8,22570.85556,12538.220121000017
1618444800,62971.8,63831.82,62036.73,63229.04,11209.46486,12206.542272500017
1618531200,63229.04,63604.34,60048.43,61427.27,19867.42753,12633.246257000017
1618617600,61427.27,62572.48,59700,60058.86,10847.78228,12713.844498000017
1618704000,60067.2,60437.97,51300,56274.41,36891.72388,13680.811533000018
1618790400,56273.65,57600,54187.85,55696.83,16838.4062,13767.477286000018
1618876800,55696.83,57111,53430.01,56499.29,18608.29421,13829.059935000018
1618963200,56477.67,56810.56,53620.91,53800.86,15581.05091,14053.295262500018
1619049600,53795.62,55469.98,50400,51701.59,30427.90599,15026.34334050002
1619136000,51695.98,52130.58,47464.65,51187.27,38794.87277,16545.823053500022
1619222400,51187.75,51260.61,48726.87,50089.15,11839.15787,16822.70863150002
1619308800,50101.42,50591.38,47044.01,49121,14633.52652,17094.141085000017
1619395200,49121,54400,48817.62,54053.6,18005.2383,17476.68577550002
1619481600,54047.8,55509.39,53321,55069.62,13957.10095,17285.17538800002
1619568000,55069.61,56476.17,53887,54894.03,16484.35125,17705.712359500023
1619654400,54889.81,55226.86,52369.61,53580,14592.33123,18030.59087750002
1619740800,53580,58075.01,53068.43,57798.77,16536.34704,18216.51695650002
1619827200,57798.77,58550,57050.94,57859.28,10787.06382,18391.92117100002
1619913600,57859.28,57972.26,56072,56625.2,7647.63999,18200.916070500018
1620000000,56625.21,58986,56500,57212.73,15165.02105,18064.278110500018
1620086400,57212.73,57247.24,53057.7,53241.92,23492.07295,18110.33898000002
1620172800,53241.91,57980.86,52913.02,57515.69,22918.91903,18695.811688500016
1620259200,57515.69,58400,55288,56440.66,18244.15032,18614.64782800002
1620345600,56444.82,58735.95,55300,57380.39,18323.91005,18988.45421650002
1620432000,57380.39,59559.84,56980.01,58958.05,15374.95892,17912.61596850002
1620518400,58958.06,59300.52,56265.3,58312.57,17169.73753,17929.182535000018
1620604800,58313.84,59592.2,53600,55866.41,24646.87074,18231.111361500014
1620691200,55866.38,56962.07,54511.48,56753.19,15446.6505,18224.391341000017
1620777600,56753.19,58041,48500,49498.77,29660.85698,18186.038890500015
1620864000,49498.76,52500,46000,49690.11,42250.10181,18358.800342500013
1620950400,49682.28,51569.56,48895,49893.48,21987.80811,18866.232854500013
1621036800,49893.48,50730.58,46573,46775.51,21936.12903,19231.362980000013
1621123200,46771.01,49808.28,43825,46450.79,30655.34495,19863.868312500013
1621209600,46450.78,46646.15,42101,43580.5,43660.23646,21349.025088000013
1621296000,43571.89,45851,42300,42857.15,28210.31464,21935.32325750001
1621382400,42865.05,43591.7,30000,36731.75,109537.25647,26682.569519500008
1621468800,36735.44,42605,35000,40623.33,51445.78759,28428.041547000008
1621555200,40623.24,42275.99,33501.54,37340.77,55961.91449,30686.784080500005
1621641600,37333.09,38889.76,35257.52,37476.83,29239.04179,31766.354170500003
1621728000,37476.84,38319.36,31111,34758.67,53433.31724,33679.76898000001
1621814400,34758.88,39966.87,34407.17,38878.56,44419.47253,34726.13895900001
1621900800,38874.53,39878.51,36481.26,38361.81,26107.57143,34885.57157900001
1621987200,38361.81,40900,37837.36,39293.23,25107.70082,35228.74910400001
1622073600,39293.23,40440.95,37191.99,38556.88,19390.90886,35282.09904450001
1622160000,38556.88,38900,34688,35680.47,36231.74854,36324.93852550001
1622246400,35680.48,37325,33650.86,34627.82,27999.16509,36866.40990350001
1622332800,34627.81,36500,33333,35669.44,16038.96112,36436.014422500004
1622419200,35669.44,37534.09,34183,37279.31,19527.13039,36640.038417
1622505600,37276.23,37918.97,35669.14,36685,15713.11732,35942.651434
1622592000,36684.99,38237.37,35920,37577.91,13952.37317,34527.765002
1622678400,37581.83,39489.82,37184.88,39248.55,14325.77051,34144.663122
1622764800,39248.54,39291.24,35593.22,36856.52,17917.6468,33943.7390105
1622851200,36856.53,37921.35,34832.17,35539.49,13654.70461,33093.706993499996
1622937600,35539.97,36477.86,35258,35800.48,8184.51756,31319.921048499993
1623024000,35800.48,36812.39,33333,33575.91,18997.73034,30859.291833499992
1623110400,33567.26,34069,31004.95,33402.13,34937.572,27129.307609999996
1623196800,33402.13,37573.99,32408.53,37403.86,26040.9123,25859.063845499993
1623283200,37404.75,38425.67,35800,36694.05,19853.82857,24053.659549499997
1623369600,36694.91,37695,35944,37338.44,14142.2078,23298.817849999996
1623456000,37340.08,37448,34635.47,35557.33,14516.55989,21352.979982499994
1623542400,35557.32,39396,34780.57,39015.24,15748.97663,19919.455187499992
1623628800,39015.24,41076.03,38744.83,40539.47,21916.85846,19709.91953899999
1623715200,40537.93,41322.55,39510.98,40162.37,17020.71757,19305.570376499993
1623801600,40158.06,40499,38105,38351,17238.59003,19197.954434999992
1623888000,38351,39554.98,37365.63,38095.17,15970.3631,18184.88516299999
1623974400,38103.94,38216.22,35153.16,35841.81,23472.39153,17958.54648499999
1624060800,35840.96,36457.18,34833.26,35484.79,16801.10116,17996.653486999996
1624147200,35484.8,36139.73,33347.05,35585.78,19400.08896,17990.301415499995
1624233600,35585.79,35741.54,31259,31609.82,41304.4127,19269.866184499995
1624320000,31609.82,33352,28800,32538.37,48388.26727,20991.660889499995
1624406400,32538.9,34881.02,31708.03,33688.35,23124.82691,21431.613709499994
1624492800,33688.51,35295.67,32300,34654.58,16868.95529,21379.179133999998
1624579200,34654.87,35500,31300,31594.63,26505.20707,22021.704256999998
1624665600,31594.62,32711.68,30173.49,32275.19,18299.40151,22527.448454499994
1624752000,32267.59,34749,32002.21,34709.23,14428.94413,22299.009143999996
1624838400,34708.53,35301.43,33864.99,34493.22,14920.27924,21298.144505999997
1624924800,34493.22,36675,34233.35,35904.28,17917.61278,20891.979529999997
1625011200,35906.17,36094.42,34033,35060,16700.73762,20734.324982499995
1625097600,35060,35066.54,32703.48,33516.11,13210.9654,20687.762862499996
1625184000,33510.93,33972.06,32704.73,33805.02,11765.66827,20550.218281499998
1625270400,33805.01,34953.07,33320,34682.16,6197.81551,20072.660225499996
1625356800,34685.03,35951,34390.53,35284.05,6224.04488,19288.019546499996
1625443200,35284.06,35290.82,33156.86,33697.78,9607.62048,18917.364691999996
1625529600,33697.78,35100,33300,34225.73,10313.02804,18571.086592499996
1625616000,34225.72,35077.46,33770.01,33878.56,9404.91239,18242.814056999996
1625702400,33879.5,33934.62,32111,32875.95,14147.36687,17776.562823999997
1625788800,32875.95,34100,32255.24,33824.26,8320.92082,17352.553806999997
1625875200,33824.25,34267.14,33027.83,33515.35,4906.26016,16627.862366999994
1625961600,33515.35,34607.37,33333.33,34259.23,7023.07942,14913.795702999996
1626048000,34259.22,34670,32665,33091.1,10145.25499,13001.645088999994
1626134400,33077.43,33337.61,32201.12,32734.14,9478.05661,12319.306573999995
1626220800,32734.14,33125.55,31600,32816.39,10355.33307,11993.625462999993
1626307200,32815.75,33187.6,31064.77,31868.68,11273.62605,11232.046411999992
1626393600,31872.49,32259.16,31025.42,31388.06,10006.49235,10817.400953999993
1626480000,31389.57,31949.99,31179.01,31533.91,5695.58861,10380.733177999995
1626566400,31533.9,32450,31125.6,31788.25,5006.49746,9885.044088999995
1626652800,31786.37,31887.82,30429.99,30842.03,11027.01975,9540.514437499996
1626739200,30842.04,31052.65,29301.56,29796.16,18114.16725,9611.185918999996
1626825600,29796.15,32825,29501.02,32135.19,15598.49242,9730.562269999997
1626912000,32152.68,32611.84,31729.68,32287.74,7704.65477,9527.511594999996
1626998400,32287.75,33647.27,32000,33647.26,9004.857,9667.863669499995
1627084800,33647.27,34525,33424.7,34283.01,9864.76694,9849.899772499995
1627171200,34291.67,35451.04,33888.89,35428.26,9434.64435,9841.250965999994
1627257600,35428.25,40593.93,35251.54,37262.77,40354.55991,11343.327559499994
1627344000,37262.76,39550,36413.26,39470.48,24709.11876,12108.537877999994
1627430400,39475.99,40925.56,38803.34,40035.1,27198.34784,12761.086926499995
1627516800,40035.1,40644.85,39229.47,40039.44,11022.43901,12896.162835999994
1627603200,40039.44,42320.57,38342,42237.95,15063.2488,13404.012267999995
1627689600,42233.66,42414.61,41064.11,41495.01,9351.95731,13520.456162499995
1627776000,41499,42605.64,39426,39865.41,10617.68715,13544.077770499996
1627862400,39859.18,40459.68,38690,39149.59,12379.42658,13689.146268999995
1627948800,39149.59,39785.3,37627.21,38191.44,15094.83164,13926.121197499995
1628035200,38189.4,39965.1,37509,39722.41,15327.69046,14128.824417999995
1628121600,39718.9,41447.89,37300,40888.74,28507.86981,15053.893290999995
1628208000,40888.73,43399.26,39876.74,42869.58,20425.12897,15790.370308999996
1628294400,42869.59,44750,42457.27,44637.34,19634.80927,16521.7858995
1628380800,44628.11,45363.83,43131.97,43829.14,18712.2859,16906.049207
1628467200,43829.15,46497.42,42821.3,46285.48,19464.73929,16973.577809000002
1628553600,46280,46718.44,44650.27,45595.66,13756.51512,16881.478944
1628640000,45601.82,46781.09,45350.74,45553.49,11628.33477,17077.662944
1628726400,45553.1,46223.95,43714.36,44422.14,13169.7914,17285.909664
1628812800,44422.15,47953.9,44249.64,47833.64,11794.95661,17382.419147499997
1628899200,47833.64,48176.52,46034.93,47109.65,8130.38204,17317.206031999995
1628985600,47109.64,47400,45525.19,47014.49,7745.71633,15686.763852999997
1629072000,47014.38,48076.52,45676.91,45902.46,10467.6749,14974.691659999997
1629158400,45903.22,47174.62,44405.39,44671.58,12756.16226,14252.582380999997
1629244800,44675.34,46035.27,44216.47,44707.98,10327.51328,14217.836094499999
1629331200,44709.1,47088.08,43955,46765.87,11938.13617,14061.580463
1629417600,46769.02,49400,46644.95,49342.4,13184.68475,14253.216835
1629504000,49349.99,49821.92,48285.28,48867.02,9574.85076,14201.075015499999
1629590400,48870.21,49526.13,48102.89,49284.63,6243.41095,13894.274233999997
1629676800,49284.38,50505,49012.84,49506.5,10824.28276,13680.746789999996
1629763200,49504.53,49875.9,47600,47682.45,12068.35266,13517.779899999994
1629849600,47682.45,49277,47122.02,48987.33,9289.24621,12556.848719999995
1629936000,48991.57,49365.1,46315.48,46851.47,11651.33499,12118.159020999996
1630022400,46851.47,49185.12,46361.01,49077.57,8924.13671,11582.625392999995
1630108800,49081.08,49309.83,48370,48942.94,4895.71626,10891.796910999994
1630195200,48942.89,49667.1,47801,48802.58,6935.10953,10265.315422999995
1630281600,48802.58,48906.51,46866,46993.71,12249.25182,10189.952257999994
1630368000,46996.8,48259.68,46708.93,47112.5,12919.45428,10254.508233499995
1630454400,47110.33,49125,46537.62,48839.86,13010.85273,10246.561299999998
1630540800,48834.27,50392.19,48620.73,49279.37,14120.3969,10362.833314499996
1630627200,49279.38,51064.44,48349.66,50025,14577.24054,10685.176239499997
1630713600,50025,50558.75,49400,49942.98,7595.50246,10677.665545999997
1630800000,49944.89,51907.08,49500,51789.17,7743.94916,10541.479258999996
1630886400,51789.17,52802.03,51020.08,52698.81,9571.7692,10382.259605999996
1630972800,52698.8,52944.96,42830.77,46894.5,28990.57716,11315.412799999995
1631059200,46894.49,47381.47,44423.49,46060.36,19624.56526,11699.734254499994
1631145600,46059.94,47400,45511.82,46400,13594.66072,11720.233052999993
1631232000,46396.26,47040.76,44140.48,44851.45,14905.56245,11986.768637499992
1631318400,44850.37,45989.94,44730.29,45171.83,6207.3979,11984.967984999992
1631404800,45173.66,46462.98,44754.31,46024.23,6499.87249,11768.747471499993
1631491200,46027.8,46900,43465,44947.72,15015.31735,11916.095705999993
1631577600,44953.23,47274.92,44679.92,47127.22,12644.17879,12083.842334999992
1631664000,47127.81,48475,46705,48148.12,12139.85654,12108.268412499992
1631750400,48144.03,48499.99,47020.82,47753.16,11739.29401,12249.026277499994
1631836800,47753.15,48176.64,46752.67,47303.5,9088.58404,12458.669666499994
1631923200,47306.87,48825.62,47050,48314.56,7491.04881,12486.466630499996
1632009600,48309.86,48379.19,46850.87,47255.92,7086.36056,12228.322067499994
1632096000,47253.71,47358.92,42500,43012.97,27706.69089,12967.683897999994
1632182400,43007.69,43639.88,39600,40719.6,27275.3527,13680.908896499994
1632268800,40736.81,44035.44,40570.42,43575.1,19462.553,13948.016701499995
1632355200,43575.19,45000,43096.73,44897.59,13446.88918,13891.499133499994
1632441600,44896.55,45200,40683.29,42848.92,22451.59156,14634.303588499995
1632528000,42848.44,42998.76,41675,42705.51,7383.33834,14616.273047499995
1632614400,42705.51,43937,40803,43178.02,9971.65982,14636.267578499997
1632700800,43172.17,44366.96,42111,42171.76,10094.78533,13691.477986999997
1632787200,42166.31,42780,40897.7,41026.07,10491.82816,13234.841131999996
1632873600,41030.19,42638.99,40750.12,41522.16,10303.31567,13070.273879499997
1632960000,41519.11,44110.17,41409.67,43824.43,12835.99813,12966.795663499997
1633046400,43828.89,48500,43287.44,48165.76,20095.34602,13661.193069499996
1633132800,48165.76,48359.33,47451,47657.69,7262.64874,13699.331881999995
1633219200,47663.74,49300,47120.11,48233.99,7989.27375,13348.029701999996
1633305600,48233.99,49505,46916.7,49245.54,13938.65627,13412.753575999997
1633392000,49244.13,51906.23,49057.18,51493.99,17828.61151,13697.191324499998
1633478400,51499.77,55757.11,50416.01,55339.48,25869.66386,14403.709816999995
1633564800,55346.95,55356.85,53379,53797.82,15820.84851,14740.323040499996
1633651200,53805.46,56113,53634.41,53963.82,12416.91648,14986.616423999996
1633737600,53965.18,55500,53675,54962.29,7123.06937,14988.451864499995
1633824000,54963.29,56545.24,54112.95,54690.53,9370.20557,14071.627598499992
1633910400,54683.09,57833.23,54411.54,57487.44,13422.43527,13378.981726999995
1633996800,57485.97,57674.55,53873.78,56005.1,15457.02337,13178.705245499994
1634083200,56005.1,57771.33,54236.09,57367.32,14691.02756,13240.912164499994
1634169600,57367.32,58520.71,56832.32,57359.51,12198.03892,12728.234532499995
1634256000,57359.51,62910,56867.11,61695.39,27105.21203,13714.328216999997
1634342400,61690.32,62350,60139.01,60877.42,10161.27282,13723.808866999996
1634428800,60867.05,61744.17,58943.83,61527.11,9153.33717,13676.736458999998
1634515200,61530.07,62675.19,59887.74,62042.41,19798.16337,14142.053219500001
1634601600,62042.4,64500,61333,64303.14,17380.31934,14495.903403
1634688000,64303.14,66999,63525,66026.54,19194.46863,14813.826928
1634774400,66021.26,66650.85,62050,62204.02,23474.40547,14982.779900500002
1634860800,62204.01,63750,60000,60687.64,17217.72214,15480.533570500003
1634947200,60682.88,61750,59650,61300.01,6708.16454,15416.478110000005
1635033600,61300.02,61491.96,59522.89,60854.48,8573.74126,15148.232359500005
1635120000,60847.91,63726.58,60653.5,63083.54,10496.59493,14781.631530500006
1635206400,63081.96,63290.49,59837.07,60337.62,12181.49589,14097.223132000008
1635292800,60333.19,61488,58100,58455.47,18856.7,14249.01570650001
1635379200,58462.73,62477.47,57653.88,60591.65,19354.5134,14595.89555250001
1635465600,60591.63,62974,60188.73,62276.72,15497.02553,15014.593360500008
1635552000,62287.95,62379.2,60725.01,61892.41,6793.61149,14885.763656500008
1635638400,61896.38,62427.02,60001,61343.68,8371.18427,14633.201106500008
1635724800,61346.17,62500,59500,60949.54,11724.41014,14446.570445000008
1635811200,60956.4,64300,60672.16,63266.51,13694.12966,14396.725550000006
1635897600,63266.5,63568.36,60070,62935.41,12951.8863,14434.417919000005
1635984000,62935.4,63114.14,60728.77,61444.5,11051.7731,13631.745972500004
1636070400,61444.49,62638.59,60777,61006.15,10598.81063,13653.622863000006
1636156800,61006.14,61599.25,60125,61539.31,6366.45301,13514.278655000006
1636243200,61539.3,63327.96,61397.86,63309.13,5596.03889,12804.172431000005
1636329600,63309.12,67792.77,63309.12,67554.84,17661.88728,12818.250828000006
1636416000,67554.13,68568.85,66261.79,66944.66,14996.63956,12608.359374500007
1636502400,66938.76,69000,62800,64912.2,18964.60863,12382.869532500006
1636588800,64912.2,65600,64133.78,64807.59,10259.3396,12034.950405500007
1636675200,64807.73,65477.06,62300,64147.9,13658.64097,12382.474227000008
1636761600,64144.42,64990,63394.17,64400.01,5968.11774,12252.193051000006
1636848000,64400.01,65525,63596.9,65505.02,6081.58656,12031.442632500006
1636934400,65505.03,66339.9,63371,63624.59,10426.56967,11943.696321500007
1637020800,63621.05,63624.6,58638,60107.98,24910.16715,12246.369679000007
1637107200,60101.56,60824.38,58380,60351.51,20907.22982,12324.005500000007
1637193600,60351.51,60977.21,56514.13,56898,26749.22647,12886.615547000005
1637280000,56898.46,58412.12,55625,58122.16,18554.57503,13474.663724000004
1637366400,58122.15,59900,57423.35,59760.76,7584.6666,13435.337840500006
1637452800,59760.76,60070,58509.69,58671.21,6661.3807,13182.186368500004
1637539200,58671.22,59526.51,55641.03,56280.81,15889.23511,13291.941641000003
1637625600,56280.81,57886.03,55377,57566.85,14019.79617,13345.337134500001
1637712000,57562.65,57607.97,55875.01,57162.66,12509.27336,13418.212147500002
1637798400,57158.58,59445.99,57037.04,58987.27,10668.69117,13421.706174500001
1637884800,58994.72,59194,53533,53757.67,25946.31634,14400.699341000003
1637971200,53757.67,55316.67,53642.58,54759.05,7899.31793,14515.863293000002
1638057600,54759.04,57490,53327,57317.17,8222.43935,14043.890896500001
1638144000,57318.51,58908.27,56730,57838.06,13454.24772,13966.771304500002
1638230400,57838.06,59249.77,55910.33,56987.97,18038.80218,13920.480982000003
1638316800,56998.35,59118.84,56465.75,57226.5,16607.32318,14237.880161000003
1638403200,57226.51,57423.69,55845,56521.46,12969.23387,14203.409806000001
1638489600,56521.45,57670.68,51640,53638.04,19567.64538,14883.386188
1638576000,53633.02,53876.09,42333,49241.12,39023.34414,16530.474067
1638662400,49235.26,49783,47827,49484.22,21727.15258,17095.5032125
1638748800,49484.21,51105,47200,50529.56,23082.31905,17004.1108075
1638835200,50529.56,51995,50067.1,50625.48,14107.34652,16664.1166425
1638921600,50625.24,51250,48650.02,50519.68,13139.0061,15983.605624
1639008000,50520.94,50844.86,47323.23,47568.43,15749.43876,15843.3488105
1639094400,47568.43,50148.49,46900,47170.94,15689.58859,16248.59491
1639180800,47170.94,49517.18,46786.78,49407.75,11045.23808,16467.787779
1639267200,49424.47,50828.13,48665.43,50089.64,10411.09624,16193.880835499998
1639353600,50089.64,50218.42,45727.92,46727.89,20797.30281,16532.7561675
1639440000,46727.89,48686.91,46300,48367.43,17107.0485,16762.6449245
1639526400,48359.23,49500,46530,48884.78,21621.72428,17310.296580000002
1639612800,48878.83,49459.39,47524.66,47634.22,12731.2513,16649.543328
1639699200,47634.2,48000,45469.32,46166.5,18556.09347,17182.382105
1639785600,46159.87,47368.73,45515.72,46859.46,8170.8673,17179.8035025
1639872000,46857.49,48351.92,46440.11,46687.19,9518.72163,16983.027198
1639958400,46687.2,47548.93,45568,46926.07,16039.39958,16883.057068000002
1640044800,46926.07,49339.31,46645.05,48914.7,15461.42504,16825.762161
1640131200,48914.7,49595,48450,48608.62,10753.51356,16714.9761455
1640217600,48608.61,51397.82,48032.16,50842.2,16627.06073,16567.946913
1640304000,50842.06,51878.6,50445.55,50851.38,11693.26797,15201.4431045
1640390400,50852.31,51171.68,50191.84,50428.31,5550.58587,14392.614769000002
1640476800,50428.31,51295.33,49460,50801.79,6863.40923,13581.669278000001
1640563200,50804.33,52100,50480,50717.77,11596.92908,13456.148406000002
1640649600,50720.35,50720.35,47300.23,47543.09,23116.77017,13955.0366095
1640736000,47542.2,48149.58,46094.02,46471.24,20326.33567,14183.881455
1640822400,46471.24,47926.15,45938.44,47122.08,27413.66802,14770.0854265
1640908800,47122.09,48574.7,45650,46211.24,19010.25587,15168.336316
1640995200,46211.24,47967.12,46205,47733.43,9463.67598,15120.965303
1641081600,47733.43,47990,46633.36,47299.07,6833.51307,14422.775816
1641168000,47299.06,47583.33,45700,46459.56,10841.82455,14109.514618500001
1641254400,46459.57,47532.89,45515,45814.61,16320.34158,13844.445483500002
1641340800,45817.13,47076.55,42500,43436.04,25067.68922,14461.267379500001
1641427200,43446.34,43794.5,42432.99,43083.76,20780.06223,14572.465817499999
1641513600,43081.79,43144.72,40571.53,41565.18,26122.21436,15470.033170499999
1641600000,41564.57,42318.97,40505.3,41684.84,15454.12727,15766.8034525
1641686400,41684.84,42831.12,41209.53,41876.52,11074.23939,15518.545442999999
1641772800,41876.52,42250,39650,41824.07,25232.37194,16007.092787999998
1641859200,41824.06,43130,41274.8,42753.44,19697.48067,16454.2911435
1641945600,42749.84,44342.83,42459.21,43920.37,16250.22916,16435.449564999995
1642032000,43921.21,44453.22,42325,42581.65,14772.10901,16589.391616999997
1642118400,42576.27,43473.98,41752,43090.72,13545.76531,16989.150588999997
1642204800,43090.72,43819.39,42577.35,43098.2,6318.39964,16961.9001095
1642291200,43098.2,43497.24,42600,43104.34,6481.67225,16706.137268
1642377600,43104.34,43200,41567.64,42218.01,10963.86606,16098.492062500003
1642464000,42214.66,42692.71,41287.79,42369.74,13658.51803,15765.101180500002
1642550400,42372.15,42586.03,41126,41674.27,15642.43177,15176.539368000003
1642636800,41672.14,43511.99,40555,40670.97,17860.83738,15119.068443500004
1642723200,40671.77,41127.79,35422,36456.94,50742.91054,17183.030171500002
1642809600,36456.67,36835.93,34017.56,35066.43,30044.13935,18343.561485500006
1642896000,35075.7,36555.55,34625,36282.47,17440.24192,18673.482354000003
1642982400,36275.28,37574.63,32933.33,36693.32,38776.30461,19796.280505500003
1643068800,36687.58,37579.81,35716.15,36980,21597.5365,19622.772869500004
1643155200,36980,38960,36254.97,36840.63,27404.00559,19953.970037500003
1643241600,36846.22,37249,35526.36,37188.37,23601.4766,19827.933149500004
1643328000,37188.37,38023.74,36162.48,37741.9,22716.17908,20191.035740000003
1643414400,37741.9,38748.43,37300,38191.1,13103.20531,20292.484036
1643500800,38189.82,38384.07,37365.31,37901.35,10632.5502,19562.492949000003
1643587200,37904.99,38785.04,36640.94,38491.93,19654.99914,19560.368872500003
1643673600,38492.53,39300,38021.53,38716.88,16379.94592,19566.854710500003
1643760000,38714.27,38888.88,36584.29,36923.39,13787.6016,19517.629340000003
1643846400,36923.39,37450.75,36259.01,37329.91,13283.30062,19504.506105500004
1643932800,37324.61,41788.81,37051.36,41614.64,22537.57252,20315.464749500003
1644019200,41613.75,41970,40955.4,41404.85,11187.21557,20550.741915500003
1644105600,41411.59,42719.93,41135.39,42415.16,6447.89943,20324.943584
1644192000,42416.06,44533,41678.79,43868.07,20040.51315,20644.04334
1644278400,43868.08,45519.24,42688,44085.59,20387.66021,20881.304762
1644364800,44087.58,44865.46,43155.5,44416.35,12785.82602,20627.554194
1644451200,44416.39,45855,43210,43527.71,20024.53763,19091.6355485
1644537600,43521.88,43962.13,42000,42386.47,19367.42963,18557.8000625
1644624000,42386.47,43050,41750,42244.97,8664.434,18119.0096665
1644710400,42244.91,42781.96,41885.61,42074.99,6208.95528,16490.6422
1644796800,42073.37,42876.15,41570,42548.71,14805.99785,16151.065267499998
1644883200,42548.71,44775.96,42433.28,44583.52,14154.74893,15488.602434499999
1644969600,44580.73,44585.69,43330.59,43895.56,9663.45469,14791.701338999997
1645056000,43895.55,44195.62,40099.99,40536.73,18630.12277,14587.398523499996
1645142400,40537.94,40990.9,39425.07,39983.56,16491.02773,14756.789644499997
1645228800,39993.64,40469.82,39655,40101.94,6277.31635,14539.027951999995
1645315200,40101.93,40146.07,38000,38389.03,10972.33604,14104.894796999995
1645401600,38395.99,39506.91,36811,37023,20970.77827,14334.436414499994
1645488000,37022.11,38469.06,36350,38251.48,22767.10214,14783.411441499993
1645574400,38251.67,39276.85,37055,37268.19,15510.12768,14894.752794499993
1645660800,37268.18,39720,34322,38347.3,42124.53317,15874.100826999993
1645747200,38347.3,39716,38016.44,39238.48,20761.6836,16352.824228499992
1645833600,39242.71,40300.5,38592.04,39137.8,8601.68556,16460.513534999995
1645920000,39146.97,39875.71,37020,37717.08,14440.25078,16180.500416499994
1646006400,37716.57,44240.77,37455.71,43192.66,25699.69871,16446.102341499995
1646092800,43189.61,44993.12,42850,44439.95,22596.97541,16936.659810999998
1646179200,44440,45426.45,43342.16,43912.34,17467.00025,16808.782941999998
1646265600,43916.47,44096.45,41811,42464.41,19278.29672,16804.326296499996
1646352000,42464.41,42524.87,38577.01,39166.51,24080.62029,17575.135610999994
1646438400,39166.5,39600,38587.27,39402.43,8440.5306,17686.714376999993
1646524800,39407.87,39730.5,38091.02,38408.38,10099.99985,17451.414476999995
1646611200,38406.82,39556.58,37161.88,37994,19544.29851,17720.891955999996
1646697600,37991.05,39376.65,37851.54,38749.38,19132.78343,18194.358392999995
1646784000,38749.16,42597.84,38655.98,41953.97,24651.68801,18495.436654999994
1646870400,41949.28,42053.84,38560.85,39433.71,20814.02874,18711.58670549999
1646956800,39431.4,40251.51,38234.08,38732.04,15908.58979,19193.150377499995
1647043200,38732.33,39472.17,38654.02,38813.02,5644.16131,18926.741640999993
1647129600,38815.56,39318.19,37580.86,37793.01,8046.39057,18280.52225599999
1647216000,37793.4,39906.39,37560.4,39674.17,13566.82541,17820.50841949999
1647302400,39678.51,39900,38135,39298.1,14924.69079,17791.236574999995
1647388800,39298.11,41717.67,38850,41127.97,22805.49716,16825.284774499993
1647475200,41127.96,41486,40521,40950.33,15717.78861,16573.09002499999
1647561600,40950.23,42396.04,40130,41774.98,17181.16671,17002.064082499994
1647648000,41781.37,42429,41534.89,42232.26,8630.98736,16711.60091149999
1647734400,42232.05,42330.1,40918.72,41287.24,7621.04475,15807.66821349999
1647820800,41287.24,41578.33,40509,41017.71,10996.49101,15227.643993499989
1647907200,41017.7,43389.79,40885.19,42378.26,19913.30087,15349.959024499989
1647993600,42376.03,43036.95,41766.79,42899.71,13745.29007,15073.308691999988
1648080000,42899.71,44241,42627.48,44012.29,21827.94718,14960.67503649999
1648166400,44012.36,45130.91,43605.8,44331.85,19128.15182,15495.056097499992
1648252800,44336.19,44820.58,44091.09,44539.42,7305.19255,15355.315732499988
1648339200,44538.21,46950,44437.22,46850.01,10356.11755,14895.90668449999
1648425600,46850.01,48240,46662.28,47144.92,18787.67764,14878.65139499999
1648512000,47146.92,48124.94,46589,47454.19,15776.66554,14434.900271499992
1648598400,47448.41,47717.01,46544.89,47078.03,12672.46025,14027.821846999994
1648684800,47078.02,47624.09,45211,45528.45,17454.80594,14105.132654499994
1648771200,45525.25,46739.24,44232.86,46296.34,18111.15046,14728.482111999992
1648857600,46296.36,47219.46,45642.89,45826.27,8380.15705,14745.170435999991
1648944000,45826.24,47469.4,45552.07,46422.16,8773.78632,14505.518481499992
1649030400,46420.08,46900,45129.93,46596.83,13802.45549,14449.406716499992
1649116800,46594.39,47200,45371.16,45506.5,14390.58758,14028.661237499993
1649203200,45509.92,45523.25,43115.26,43166.7,24250.38717,14455.291165499995
1649289600,43166.71,43908.58,42734.69,43452.18,13245.38068,14258.501863999994
1649376000,43444.71,44000,42112,42262.02,11929.53569,14423.429280499995
1649462400,42261.9,42816.38,42118.96,42766.93,4805.73132,14282.663608999996
1649548800,42766.46,43443.32,41885.86,42165.96,5770.50781,14021.364448999995
1649635200,42165.96,42424.14,39204.59,39535.87,17229.38723,13887.168766999996
1649721600,39535.88,40705.68,39250,40086.23,13866.43288,13893.225907499995
1649808000,40086.7,41570.88,39550,41146.68,11457.64826,13374.710961499997
1649894400,41147.15,41512.43,39573.8,39954.08,11020.38629,12969.322684999996
1649980800,39953.62,40850,39770.22,40554.58,6448.02596,12926.464355499997
1650067200,40554.6,40699.99,40005,40387.6,4084.27737,12612.872346499997
1650153600,40387.6,40605.46,39553.07,39683.54,4833.32947,11915.154937999996
1650240000,39681.11,41100,38550,40803.58,13090.80854,11780.862087999996
1650326400,40810.87,41772.94,40571.99,41503.85,10218.12822,11658.145486499996
1650412800,41501.56,42209.58,40900,41377.61,14609.29846,11515.870112499997
1650499200,41371.88,43109.47,39744.75,40480.81,17204.36793,11470.530985999996
1650585600,40483.38,40802.65,39174.8,39712.25,16871.33546,11895.089906499996
1650672000,39712.2,39993.82,39296.19,39465.87,6957.18149,11804.259664999996
1650758400,39459.63,39945.74,39000,39464.56,6436.47111,11435.960445999997
1650844800,39463.75,40605.3,38210.24,40439.22,20515.8896,11742.225546999998
1650931200,40440.9,40817.16,37700,38113.82,21648.12866,11612.112621499997
1651017600,38118.43,39470,37882.83,39251.11,20832.21095,11991.454134999996
1651104000,39251.02,40400,38883.83,39743.22,16718.84501,12230.919600999998
1651190400,39741.21,39926.8,38161.85,38593.1,14282.27439,12704.746754499998
1651276800,38592.27,38795,37590,37644.1,6931.08619,12762.775673499997
1651363200,37640.35,38675.37,37401,38473.05,7980.91433,12300.352028499998
1651449600,38469.49,39181.27,38041,38510.89,17946.9979,12504.380279499997
1651536000,38510.88,38643.48,37505.01,37719.59,17947.00886,12828.848309499997
1651622400,37719.58,40038.27,37651.38,39669.56,21513.96847,13353.527418499998
1651708800,39669.56,39864.55,35568,36537.22,28833.01232,14472.776736499998
1651795200,36537.22,36664.4,35255.4,35999.1,28626.66324,15699.896029999998
1651881600,35999.1,36125,34785,35458,11372.46757,16026.852934999997
1651968000,35458,35499.93,33701,34027.91,22357.52596,16490.188806
1652054400,34033.49,34231.54,30010,30078.27,55136.46787,18736.105788499997
1652140800,30078.27,32645.49,29735.05,31002.39,55818.03343,20796.542536999994
1652227200,31002.39,32185.9,27682.38,28972.34,61530.04504,23012.826392499996
1652313600,28977.75,30091.2,25338.53,28941.95,70702.62369,25704.390803999995
1652400000,28941.95,30990,28662.7,29232.18,34643.06556,27088.685007499997
1652486400,29234.73,30287.58,28564.38,30041.88,15245.48249,27529.135576499993
1652572800,30041.9,31418.35,29436.06,31290.05,16440.90728,27325.386460499994
1652659200,31290.02,31293.31,29055,29839.89,22646.19959,27375.290006999992
1652745600,29839.89,30750,29415.01,30412.12,19833.32138,27325.34552849999
1652832000,30412.1,30675.92,28605,28672.94,28348.44073,27906.82531449999
1652918400,28671.5,30500,28645.2,30274.59,29009.98545,28643.21086749999
1653004800,30274.59,30729.83,28690.92,29155.75,34328.20232,30013.066673999994
1653091200,29155.74,29613.34,28913.26,29408.26,9998.49791,30113.945853
1653177600,29407.4,30457.9,29211,30260.87,11774.15077,29805.3034965
1653264000,30258.04,30635.39,28847.72,29082.52,25413.09701,30178.607904000004
1653350400,29079.31,29802,28611,29626.44,17077.05318,29956.76213950001
1653436800,29627.61,30192.08,29296.12,29503.49,17180.58043,29374.14054500001
1653523200,29503.48,29850,28000,29166.06,26598.60039,29272.73740250001
1653609600,29166.06,29355.4,28220,28598.31,21035.55167,29755.89160750001
1653696000,28598.31,29239.52,28500,29008.99,7717.35819,29023.88321900001
1653782400,29008.99,29550,28809.84,29447.07,6727.94197,26603.45692400001
1653868800,29447.08,32232.16,29273.65,31711.42,24915.38703,25058.32460400001
1653955200,31716.67,32383.96,31195.9,31784.05,21187.79111,23041.21190750001
1654041600,31784.18,31964.56,29308.01,29788.79,26857.47711,20848.95457850001
1654128000,29789.19,30655,29558.61,30433.75,18519.1407,20042.758335500006
1654214400,30429.12,30674.95,29213.47,29670.85,15016.79617,20031.324019500003
1654300800,29672.77,29952,29454.14,29843.18,6390.77399,19528.817355000007
1654387200,29837.56,30158.44,29505.65,29901.54,5482.51064,18670.632907500007
1654473600,29899.62,31745,29866.44,31343.61,20384.92672,18698.213174500008
1654560000,31349.59,31549.21,29200,31106.9,23234.09554,18442.49591500001
1654646400,31111,31306.32,29829.98,30177,16775.54756,17830.77402050001
1654732800,30182.92,30679.72,29904,30079.62,13334.24925,16781.07636700001
1654819200,30079.59,30337.83,28821.15,29063.11,23208.78489,17441.590716000013
1654905600,29058.79,29411.11,28080.01,28388.63,13276.77629,17516.721992000013
1654992000,28395.03,28516.33,26532.95,26555.2,18661.95631,17179.164957000008
1655078400,26555.17,26869.35,21920,22460.97,81724.85904,20411.555250000012
1655164800,22460.97,23299.22,20816.4,22120.25,47382.81576,21921.667016500014
1655251200,22120.23,22769.12,20071,22562.33,62040.46779,23693.760386500016
1655337600,22562.33,22974.1,20200,20372,37587.2313,24521.344368000013
1655424000,20371.96,21338.7,20209.73,20447.86,25560.06365,25413.479641000016
1655510400,20447.86,20750,17567.45,18948.89,52894.99032,27721.832058500015
1655596800,18944.66,20795.11,17934.26,20552.44,29383.35805,27945.230609500017
1655683200,20552.39,21041.62,19603.8,20549.75,24904.13073,28131.047590500017
1655769600,20547.68,21711,20328.03,20696.96,23770.76575,27976.712022500018
1655856000,20699.63,20873.52,19751.51,19968.46,26569.64628,28379.23730150002
1655942400,19970.07,21211.97,19869.41,21104.45,21460.78286,28701.43663600002
1656028800,21104.45,21537.46,20712.54,21223.72,21361.7797,29449.986921500018
1656115200,21221.13,21594.5,20900,21478.04,12877.9878,29819.76077950002
1656201600,21474.14,21866,20944.68,21027.92,11145.90287,29357.809587000018
1656288000,21024.85,21520,20500,20725.17,17440.95709,29068.15266450002
1656374400,20722.95,21189.99,20164.7,20252.89,17658.67495,29112.309034000024
1656460800,20253.5,20410.91,19823.43,20094.79,18278.4663,29359.51988650002
1656547200,20098,20143.53,18603,19985.62,28361.47318,29617.15430100002
1656633600,19985.62,20879.99,18938.33,19252.76,32977.01486,30602.16622950002
1656720000,19252.76,19422.02,18955.02,19224.03,10707.75593,30204.45621050002
1656806400,19225.54,19622.33,18755.75,19291.33,11826.37972,26709.532244500017
1656892800,19291.35,20331.76,19029.33,20211.35,14462.58647,25063.520780000013
1656979200,20212.42,20734.89,19274.95,20153.51,21938.41634,23058.418207500014
1657065600,20153.74,20650,19743,20542.67,18489.14314,22103.513799500015
1657152000,20542.66,21855.72,20224.8,21614.6,25211.34727,22086.077980500013
1657238400,21618.04,22490.54,21172,21582.2,25311.01805,20706.879367000012
1657324800,21582.28,21959.3,21311.04,21583.99,9424.32844,19708.927886500016
1657411200,21582.23,21595.75,20636.53,20850.65,9610.91838,18944.267269000014
1657497600,20850.65,20854.32,19860.12,19942.43,16061.46786,18558.802374500014
1657584000,19942.44,20037.46,19226.47,19303.65,21631.53672,18311.896896500013
1657670400,19304.71,20330.71,18892,20220.23,28211.93002,18649.454254500015
1657756800,20219.69,20893.73,19607.14,20577.02,24371.52354,18799.941446500015
1657843200,20574.96,21196.37,20368.67,20827.55,17731.35609,19042.609861000015
1657929600,20823.06,21582.71,20475.94,21189.68,12479.61769,19109.295602000017
1658016000,21189.23,21667.1,20750.1,20791.74,11450.68821,18809.782158000016
1658102400,20791.74,22777,20755.95,22427.56,31445.52757,19499.124789000016
1658188800,22434.97,23800,21578.57,23395.06,34808.91561,20325.647254500014
1658275200,23398.46,24287.13,22899,23226.99,34094.82614,20612.314902500017
1658361600,23225.24,23434.65,22340.07,23153.96,24113.4453,20169.13642450002
1658448000,23152.76,23763.55,22505.56,22687.68,20884.27333,20677.96229450002
1658534400,22688.85,23006.16,21941.01,22450.69,12592.3153,20716.25907350002
1658620800,22451.36,23036.46,22263.85,22583.43,9132.97603,20449.77855150002
1658707200,22583.37,22665.74,21254.97,21313.41,22277.32813,20466.72414100002
1658793600,21312.06,21344.43,20715,21261.57,19333.37133,20508.93555050002
1658880000,21260.22,23110.73,21045.73,22962.59,24206.74444,20458.70540900002
1658966400,22960.74,24206.11,22580.86,23851.7,25681.26797,20477.21790500002
1659052800,23851.66,24450,23429.71,23784.5,18431.01643,20927.55230450002
1659139200,23787.84,24666,23516.11,23650.13,13265.49258,21110.28101450002
1659225600,23648.15,24192.18,23240.01,23307.44,7969.66155,20705.69069900002
1659312000,23307.44,23518.89,22850,23273.86,12543.4999,20251.28885800002
1659398400,23273.85,23464.97,22659.06,22989.4,15013.79271,19591.38199250002
1659484800,22994.78,23650.96,22694.56,22825,23966.79548,19571.145589500018
1659571200,22824.88,23234.29,22392.88,22623.94,21755.97811,19772.37669050002
1659657600,22624.44,23478.58,22589.83,23320.81,26745.92728,20485.69217000002
1659744000,23320.71,23357.19,22917.49,22960.93,9285.2069,20377.418104500022
1659830400,22960.86,23405.02,22852.13,23177.39,8297.20668,19220.00206000002
1659916800,23180.26,24251.08,23158.32,23815.65,24093.34654,18684.22360650002
1660003200,23815.68,23929.35,22871.66,23158.27,22349.09289,18096.936944000023
1660089600,23158.32,24224.67,22666.23,23962.18,25974.51211,18189.99028450002
1660176000,23959.3,24929.99,23862.66,23944.86,29681.37345,18629.845290500023
1660262400,23944.85,24463.01,23600.01,24415.18,17244.16547,18862.43779900002
1660348800,24415.08,24898.91,24302.36,24456.49,13678.31883,19089.70493900002
1660435200,24456.17,25054.1,24151.63,24316.71,23306.18539,19141.14780200002
1660521600,24316.58,25214.57,23777,24097.82,27821.27072,19565.542771500022
1660608000,24099.7,24253.98,23668,23857.93,19601.92018,19335.301558500025
1660694400,23857.89,24448.49,23180.14,23341.17,22747.45357,19188.610838500026
1660780800,23344.42,23600,23107.27,23189.46,13825.6451,18958.342272000027
1660867200,23188.94,23206.76,20782.39,20834.94,45962.74006,20593.204646000024
1660953600,20834.94,21372.93,20760.93,21139.23,21809.41926,21285.192531500023
1661040000,21139.22,21795.08,21067.33,21518.62,16024.83553,21459.259313000024
1661126400,21514.45,21540,20889.69,21398.25,26215.95105,22019.36723000002
1661212800,21396.37,21679.52,20889.69,21528.34,22744.06554,21958.230733000022
1661299200,21526.74,21925,21147.41,21367.12,22538.92839,21997.378247000022
1661385600,21367.12,21818.32,21307.32,21561.86,17065.29781,21513.346773500023
1661472000,21561.49,21878.05,20112.78,20240.72,37169.04093,22907.538475000023
1661558400,20240.63,20389.14,19800,20036.69,22160.99401,23600.727841500026
1661644800,20035.3,20164.26,19513.74,19554.03,17117.33358,23251.92719350002
1661731200,19552.31,20427.19,19545.57,20286.97,33436.37108,23806.29110300002
1661817600,20286.95,20582.64,19540.14,19813.17,46462.28242852,24830.67961892602
1661904000,19813.97,20489,19799.97,20048.26,36587.60323535,25175.99110819352
1661990400,20048.27,20205.53,19561.01,20133.65,23858.64862602,25506.71526599452
1662076800,20132.67,20444,19755,19953.74,19929.54590305,25819.27661964702
1662163200,19953.4,20053.9,19655,19835.47,9538.49811675,25130.892255984516
1662249600,19833.59,20026.2,19588.27,20004.73,10670.60766559,24273.359103264018
1662336000,20003.85,20060,19633.11,19794.58,13935.11385555,23990.018787041517
1662422400,19794.59,20179.86,18663.25,18790.91,34029.11126955,24554.101672019016
1662508800,18790.77,19466.09,18527,19293.52,25583.39915964,25141.989375001016
1662595200,19293.03,19460.7,19014.43,19321.87,20327.61614165,23860.23317908352
1662681600,19322.56,21616.21,19294.49,21364.5,39579.81208118,24748.75282014252
1662768000,21366.61,21815.15,21127.1,21651.52,17750.76003376,24835.049045330517
1662854400,21656.03,21865.66,21356.37,21831.72,14386.63340528,24243.58316309452
1662940800,21830.16,22490.05,21555,22402.71,28404.49469955,24526.60462107202
1663027200,22402.58,22800,19855,20174.78,37351.56014939,25267.23620904152
1663113600,20174.78,20545,19625,20227.77,25139.52734416,25670.94768574952
1663200000,20227.7,20336.42,19500,19703.67,21124.30384367,24868.710831433018
1663286400,19703.65,19890.95,19305,19801.04,24863.81492556,25003.85187721102
1663372800,19800.26,20183.14,19748.89,20113.37,11557.14724341,24725.84256038152
1663459200,20113.37,20119.08,19335.57,19417.64,16437.90668757,23875.919340760018
1663545600,19417.56,19689.62,18255,19540.38,30961.4463315,23100.877535909018
1663632000,19538.31,19638.46,18722,18876.91,27437.23361358,22643.359054820517
1663718400,18876.14,19949.97,18153.13,18462.64,44344.46282424,23667.64976473152
1663804800,18462.66,19521.8,18358.63,19401.25,41006.95212665,24721.520075911518
1663891200,19399.93,19500,18529,19286.01,30781.38249694,25783.664294921018
1663977600,19286.03,19311.4,18808.13,18923.2,17644.76169841,26132.37199656202
1664064000,18920.93,19184.3,18619.88,18808.61,14499.16320537,26160.574464053017
1664150400,18806.3,19320.86,18681.02,19228,33108.05445715,26114.52162343302
1664236800,19226.94,20383.15,18821.55,19077.57,51860.03004114,27428.35316750802
1664323200,19077.56,19773.67,18487,19412.07,43710.30467197,28597.487594024016
1664409600,19412.37,19646.66,18845.3,19595.57,34783.53737085,28357.673858507515
1664496000,19595.59,20182.72,19154.38,19426.11,34243.66392923,29182.31905328101
1664582400,19423.57,19486.43,19160,19315.27,7337.45595566,28829.860180800013
1664668800,19315.26,19398.94,18923.81,19059.17,12951.42404465,28057.206648055017
1664755200,19059.1,19717.67,18958.29,19633.46,28571.64018677,27618.210649924014
1664841600,19632.43,20479.43,19495.32,20345.19,32685.41637125,27995.50510127852
1664928000,20345.27,20371.15,19750,20161.62,33542.20736149,28616.400277169516
1665014400,20162.15,20455.79,19855.19,19965.64,44044.43606305,29575.431334044017
1665100800,19963.75,20065.26,19325,19533.05,34938.97272677,30744.522608212013
1665187200,19531.68,19628.78,19250,19419.39,9745.2545363,30409.890000648513
1665273600,19421.49,19563.28,19321,19443.47,12537.63788265,29488.699578206015
1665360000,19442.7,19528.04,19028.08,19132.83,26596.56843638,29446.666319346015
1665446400,19130.8,19265.69,18855.19,19058.11,36248.01909763,29041.84413301552
1665532800,19058.42,19235.26,18971.51,19155.92,24862.65344825,28234.629199095518
1665619200,19153.97,19509.23,18131,19378.65,49160.49651762,29153.58490012952
1665705600,19375.55,19954.14,19076.83,19178,46208.33260444,30581.763445431025
1665792000,19179.15,19229.12,18983,19070.24,9062.82835275,30309.94670280003
1665878400,19070.62,19425.49,19065.23,19264.44,8310.92834083,29070.090396984026
1665964800,19261.62,19679.46,19154.72,19550.4,24137.12482696,27683.945136275026
1666051200,19550.39,19702.73,19091.77,19328.76,27645.59742478,26880.70977391552
1666137600,19328.75,19361,19062.1,19124.18,22284.13292808,26255.739551777027
1666224000,19123.77,19349.04,18905,19042.48,28405.7559743,25963.844154030525
1666310400,19043.66,19254.52,18659,19166.45,24206.36088454,26807.289400474525
1666396800,19164.92,19257.66,19110.46,19209.1,7044.99034028,26511.967715256025
1666483200,19209.09,19698.1,19070.92,19572.44,12086.31175412,25687.701293623526
1666569600,19572.2,19603.57,19159.35,19330.41,29432.58356293,25525.059653207525
1666656000,19332.11,20420.88,19240.76,20086.28,42452.33701168,25970.566135717025
1666742400,20086.27,21022.81,20055.85,20775.4,43618.9919315,25949.293929139523
1666828800,20773.59,20878.17,20196.01,20296.97,34123.58255469,25908.524420535527
1666915200,20295.77,20755.09,20000,20597.91,29581.75150226,26900.349268833525
1667001600,20597.34,21080,20561.2,20823.53,19822.75126022,27264.60493771202
1667088000,20822.38,20939.35,20523.92,20630.68,13737.38848362,26621.64594007402
1667174400,20629.21,20837.68,20237,20489.94,22222.73611567,25920.381790976022
1667260800,20489.55,20691,20326.55,20479.63,21147.00854592,25734.59954585952
1667347200,20480.34,20805,20059.53,20151.4,43913.21904186,25472.235672071525
1667433600,20151.29,20390.82,20032.02,20206.88,26837.37211156,24503.687647427527
1667520000,20208.02,21298.76,20181.61,21144.2,42027.16281295,26151.90437043753
1667606400,21149.03,21478.8,21082.54,21300.45,14076.70487828,26440.19319731003
1667692800,21300.45,21365.89,20886.26,20909.17,10958.4932636,25781.26161914203
1667779200,20908.15,21069.46,20394.34,20593.49,25279.82916936,25662.97320637103
1667865600,20593.34,20675,17500,18550.25,84056.63082724,28751.59810132903
1667952000,18546.07,18590.34,15512,15891.96,119633.96194081,33313.00839965453
1668038400,15894.77,18140.62,15720,17553.89,91496.98548059,36677.53962945703
1668124800,17555.44,17641.32,16336.05,17013.62,64776.6547934,39564.122852113025
1668211200,17014.78,17067.7,16595.25,16783.33,23830.0578576,40151.31015728703
1668297600,16783.32,16926.57,16214.95,16301.39,23266.69734743,39843.01584651203
1668384000,16298.75,17169.68,15790.25,16590.73,55601.93469977,40500.495730916526
1668470400,16588.41,17107.88,16502.85,16877.93,48155.32053543,40727.31216111303
1668556800,16879.37,16994.31,16358.66,16645.24,37249.70414522,40883.618240639524
1668643200,16646.58,16736.7,16396,16680.47,22484.77507436,40528.76941924453
1668729600,16680.47,16984.08,16526.28,16680.59,26970.34405749,40886.14905910803
1668816000,16678.85,16802,16534.83,16683.02,9396.04770097,40669.082019975525
1668902400,16680.7,16733.19,16154.65,16252.53,16685.1909604,40392.20476221203
1668988800,16252.43,16279.99,15460,15760.14,43799.91803333,41524.850236582526
1669075200,15758.96,16294.5,15596.22,16199.71,44555.90690195,41556.98462958703
1669161600,16201.15,16700,16142.99,16587,37143.06609396,42072.26932870703
1669248000,16585.83,16797.28,16450.62,16587.61,21819.50497344,41061.88643673153
1669334400,16587.6,16610.08,16333,16510.9,20800.91157317,41398.096771476026
1669420800,16510.9,16693.18,16376.1,16450.93,12308.57070713,41465.60064365253
1669507200,16450.32,16589.43,16395,16419.88,10825.69525321,40742.89394784503
1669593600,16421.63,16478.32,15992.64,16206.3,30336.24756667,38056.87478481652
1669680000,16206.23,16541.72,16092.53,16438,21901.9847881,33170.27592718102
1669766400,16437.94,17259.37,16423.37,17167.33,42517.61172285,30721.307239294023
1669852800,17165.44,17317.8,16855,16980.08,31798.99151828,29072.424075538023
1669939200,16980.07,17108.25,16791.02,17094.71,23096.43686725,29035.743026020522
1670025600,17094.25,17158.42,16863.58,16888.53,14081.4506716,28576.48069222902
1670112000,16889.17,17199.99,16882.86,17108.9,16961.10828839,26644.43937166002
1670198400,17108.9,17424.59,16865.22,16966.05,33618.45109026,25917.59589940152
1670284800,16966.05,17111.35,16904.04,17089.05,26693.6101171,25389.79119799552
1670371200,17089.18,17140.22,16679.52,16840,22635.46848793,25397.325868674023
1670457600,16839.76,17300.59,16738,17226.01,23533.23453743,25225.47039267102
1670544000,17226.03,17352.62,17060.69,17130.59,20976.81070044,25804.508542644522
1670630400,17130.49,17227.64,17093.42,17128.1,7860.58687575,25363.27833841202
1670716800,17128.1,17271.92,17073.19,17085.21,9948.85267032,23670.72507026152
1670803200,17085.62,17244.63,16875.83,17211.66,20659.65709227,22475.91257977752
1670889600,17212.9,17999.99,17089.17,17773.18,38316.03172467,22534.560861313017
1670976000,17772.98,18385.36,17660.93,17804.97,49295.42072146,23908.356648714016
1671062400,17805.36,17856.26,17275.02,17357.96,37834.73808374,24760.047974242516
1671148800,17359.1,17525,16529.53,16632.64,47159.86300655,26502.612589213513
1671235200,16634.29,16799.99,16585.64,16782.25,18446.6836015,26883.662006628012
1671321600,16782.23,16875,16663.76,16741.16,11073.43886205,25920.521571397014
1671408000,16742.33,16822.84,16273.4,16439.74,26856.08598724,26168.226631354013
1671494400,16439.98,17060.86,16398.22,16897.65,34330.28235168,25758.860162795514
1671580800,16896.17,16926.05,16725.78,16826.56,16743.62189364,25006.091681563514
1671667200,16825.18,16868.82,16560.84,16815.51,21269.7673979,24914.758208096013
1671753600,16815.28,16943.29,16719.57,16777.21,21958.88697726,25308.630023379013
1671840000,16777.88,16863.62,16775.88,16837.12,9502.80320659,24935.714769289014
1671926400,16837.24,16853.88,16720.89,16829.02,7065.21656572,23608.053043062013
1672012800,16829.19,16939.81,16787.97,16917.96,8492.17307238,22697.981190826013
1672099200,16916.66,16967,16585.97,16698.73,17480.00379181,22440.207956020015
1672185600,16698.31,16777.35,16460,16539.66,23345.54755127,22430.823606712012
1672272000,16539.66,16654.81,16479.5,16627.54,20088.03132505,22386.384637942512
1672358400,16627.36,16638.76,16575,16601.72,1876.74883894,22087.192736102013